title,summary,url,published,sentiment_score,sentiment_label,source_api,text_for_sentiment,relevance_score,full_text_fetched,relevance
Hindustan Aeronautics Limited SC - Detailed squad 24/25 (Gallery) - Transfermarkt,Hindustan Aeronautics Limited SC - Detailed squad 24/25 (Gallery)  Transfermarkt,https://news.google.com/rss/articles/CBMiqgFBVV95cUxPTmsxdkc0d2RWSE1aQkN6VzJPakVLbGFmTmhfZ1ZxcDkyMWFEUVV4NXlzZDNDRlZQZEQzY3BqWGZHQkR4bEJrSmZielFoLWxLN2sxd0toOE83RFprLUc1a1ZUOG15bkx4MmRjVFZoeFozQjlsTXRmMzlWZDBXVURPS2dtTExWX2FLZUtJS2RIV0FnQks5ek5mdng1dnl2djdKc2ZwY1BZZXFNdw?oc=5&hl=en-IN&gl=IN&ceid=IN:en,"Tue, 26 May 2026 12:22:11 GMT",,,GNews,Hindustan Aeronautics Limited SC - Detailed squad 24/25 (Gallery)  Transfermarkt,0.9,,
"Hindustan Aeronautics Limited Stock 12‑Month Price Target Cut to INR 5184.58, Implies 18% Upside - TradingView","Hindustan Aeronautics Limited Stock 12‑Month Price Target Cut to INR 5184.58, Implies 18% Upside  TradingView",https://news.google.com/rss/articles/CBMi7AFBVV95cUxOX2t1eklDckVGeXRvRlBmWjRzb012bUNUcEJLbVB2c3h2NmNHWUlmZWNweXdFaFdxOFpwblNQckY2VHFhRF92ZHFWZHc5LU1pWVNMdXlwem43TDRkWjJpTGZoYWx3bDB1cmx1enBxSzg1LVpQYXBONVhsekRvbVJwSmM4QWhfRHJmU0JQT09YX1o1eFJrVEp5Y0dOSEM1RzJVZGZ2MUYyT3J6c2xjd193T1ZENjNJa0JXazRZMVAyVmpQSlc5UXRZYk1jTDBtMm5ON0J5cElVR3BZUHI0QkNfeTVjRFN1RFZDX1A2bA?oc=5&hl=en-IN&gl=IN&ceid=IN:en,"Mon, 18 May 2026 07:00:00 GMT",,,GNews,"Hindustan Aeronautics Limited Stock 12‑Month Price Target Cut to INR 5184.58, Implies 18% Upside  TradingView",0.9,,
"Hindustan Aeronautics Limited Announces Senior Management Change: GM (Planning) to Superannuate on May 31, 2026 - scanx.trade","Hindustan Aeronautics Limited Announces Senior Management Change: GM (Planning) to Superannuate on May 31, 2026  scanx.trade",https://news.google.com/rss/articles/CBMi9wFBVV95cUxPUXFlUkhISEVkck9RcHI1dy10WkpvSDBYWkw0T3FiNXdkX2tnTUI5QXhzTmZTcjNyNW02bjFvcWpVU0hTTVZacDhzaEVqVVdnZmJPYjRyam1vS3dtbDBvUzdMcjRweVk4UlUzQ2tXSzRLdlNYakRYWHpvN1lnYjZmdDk2T3BEekhJQnJ5aVNoZkdfTXlRR1lHMkx1ZUx6Qk55VXNUM1RfSzhlTDdpMldOSDdoRHhMN2V4eE4tN1dtYTNJc1VWMHBmRXBaekVVNnBNR0RLYWdhckUtbU04XzF5eXNyVmR3WlM5R3RnRFVMUHM3UUxTYmcw?oc=5&hl=en-IN&gl=IN&ceid=IN:en,"Wed, 27 May 2026 05:50:27 GMT",,,GNews,"Hindustan Aeronautics Limited Announces Senior Management Change: GM (Planning) to Superannuate on May 31, 2026  scanx.trade",0.9,,
Tejas veteran steps into to job at HAL - FlightGlobal,"A veteran of the Hindustan Aeronautics (HAL) Tejas Light Combat Aircraft programme has been tapped as the company’s new leader. Ravi K has assumed the role of HAL’s chairman and managing director following the retirement of **DK Sunil**, according to the company. has held several roles, including leading the the Tejas fighter programme, concluding sales of 180 examples to the Indian air force. He was also instrumental in the sale of 156 Light Combat Helicopters to the army and air force. In addition to aircraft sales, HAL says that he helped improve aircraft serviceability and improved communications with HAL’s customers, as well as improving the company’s production capabilities through outsourcing. Greg Waldron is the Defence Managing Editor at FlightGlobal, leading the publication’s global defence coverage. The US Air Force’s most recent funding request covers the purchase of 24 F-15EX fighters in both 2027 and 2028, meeting Boeing’s near-term goal of increasing production to two aircraft monthly.",https://www.flightglobal.com/fixed-wing/2026/05/tejas-veteran-steps-into-to-job-at-hal/,,,,Tavily,"A veteran of the Hindustan Aeronautics (HAL) Tejas Light Combat Aircraft programme has been tapped as the company’s new leader. Ravi K has assumed the role of HAL’s chairman and managing director following the retirement of **DK Sunil**, according to the company. has held several roles, including leading the the Tejas fighter programme, concluding sales of 180 examples to the Indian air force. He was also instrumental in the sale of 156 Light Combat Helicopters to the army and air force. In addition to airc",0.675,,0.199308
Aitech Awarded $63M Contract for Avionics Computing Solutions to Power India's Light Combat Helicopter Program,"Hindustan Aeronautics Limited Selected Aitech for Trusted Avionics Computing Technology and Long–Term Program Support BENGALURU, India, May 19, 2026 /PRNewswire/ -- Aitech, a leading provider of rugged embedded computing solutions for aerospace and defense, a…",https://www.prnewswire.com/news-releases/aitech-awarded-63m-contract-for-avionics-computing-solutions-to-power-indias-light-combat-helicopter-program-302775193.html,2026-05-19T05:00:00Z,,,NewsAPI,"Hindustan Aeronautics Limited Selected Aitech for Trusted Avionics Computing Technology and Long–Term Program Support BENGALURU, India, May 19, 2026 /PRNewswire/ -- Aitech, a leading provider of rugged embedded computing solutions for aerospace and defense, a…",0.5,,
Halliburton Co. stock underperforms Friday when compared to competitors,"Halliburton Co. (HAL) shares fell 1.22% on Friday, closing at $38.85, despite a positive trading session for the broader market. This marks the seventh consecutive day of losses for the stock, while the S&P 500 Index (SPX) and Dow Jones Industrial Average (DJIA) saw gains.",https://www.marketwatch.com/data-news/halliburton-co-stock-underperforms-friday-when-compared-to-competitors-3317a6a0-a2f05e219b3d,20260529T165600,-0.432011,Bearish,AlphaVantage,"Halliburton Co. (HAL) shares fell 1.22% on Friday, closing at $38.85, despite a positive trading session for the broader market. This marks the seventh consecutive day of losses for the stock, while the S&P 500 Index (SPX) and Dow Jones Industrial Average (DJIA) saw gains.",0.425,,
Allstate Corp Raises Stock Holdings in Halliburton Company $HAL,"Allstate Corp significantly increased its stake in Halliburton Company by 115.7% in the fourth quarter, now holding 65,147 shares valued at approximately $1.84 million. Halliburton, an oilfield services company, continues to receive ""Moderate Buy"" ratings from analysts, with a consensus target price of $43.05, and recently reported better-than-expected quarterly earnings and declared a $0.17 per share dividend. Despite some insider selling, institutional investors maintain a substantial ownership of the company's stock.",https://www.marketbeat.com/instant-alerts/filing-allstate-corp-raises-stock-holdings-in-halliburton-company-hal-2026-05-29/,20260529T071154,0.136623,Neutral,AlphaVantage,"Allstate Corp significantly increased its stake in Halliburton Company by 115.7% in the fourth quarter, now holding 65,147 shares valued at approximately $1.84 million. Halliburton, an oilfield services company, continues to receive ""Moderate Buy"" ratings from analysts, with a consensus target price of $43.05, and recently reported better-than-expected quarterly earnings and declared a $0.17 per share dividend. Despite some insider selling, institutional investors maintain a substantial ownership of the com",0.425,,
Legal & General Group Plc Decreases Holdings in Halliburton Company $HAL,"Legal & General Group Plc reduced its stake in Halliburton Company ($HAL) by 4.8% in Q4, selling 273,650 shares but still owning 5.37 million shares valued at approximately $151.8 million. Despite this reduction and recent insider sales, analysts maintain a ""Moderate Buy"" consensus rating for Halliburton, with an average target price of $42.86. The company faces immediate challenges from weaker oil prices and sector-wide selling, yet reported strong Q1 earnings, beating analyst estimates, and announced a quarterly dividend.",https://www.marketbeat.com/instant-alerts/filing-legal-general-group-plc-decreases-holdings-in-halliburton-company-hal-2026-05-28/,20260528T090800,0.038648,Neutral,AlphaVantage,"Legal & General Group Plc reduced its stake in Halliburton Company ($HAL) by 4.8% in Q4, selling 273,650 shares but still owning 5.37 million shares valued at approximately $151.8 million. Despite this reduction and recent insider sales, analysts maintain a ""Moderate Buy"" consensus rating for Halliburton, with an average target price of $42.86. The company faces immediate challenges from weaker oil prices and sector-wide selling, yet reported strong Q1 earnings, beating analyst estimates, and announced a qu",0.425,,
"Stocks making big moves yesterday: HighPeak Energy, Zscaler, Halliburton, Viasat, and CrowdStrike","This article details the performance of five stocks that experienced significant movement yesterday: HighPeak Energy, Zscaler, Halliburton, Viasat, and CrowdStrike. HighPeak Energy and Halliburton both saw declines due to a drop in WTI crude oil prices, while Zscaler and CrowdStrike fell after Zscaler's Q3 fiscal results. Viasat, however, rose following a major contract win from the U.S. Space Force.",https://www.theglobeandmail.com/investing/markets/stocks/ZS/pressreleases/2176875/stocks-making-big-moves-yesterday-highpeak-energy-zscaler-halliburton-viasat-and-crowdstrike/,20260528T130944,-0.331457,Somewhat-Bearish,AlphaVantage,"This article details the performance of five stocks that experienced significant movement yesterday: HighPeak Energy, Zscaler, Halliburton, Viasat, and CrowdStrike. HighPeak Energy and Halliburton both saw declines due to a drop in WTI crude oil prices, while Zscaler and CrowdStrike fell after Zscaler's Q3 fiscal results. Viasat, however, rose following a major contract win from the U.S. Space Force.",0.425,,
Noble Appoints Halliburton CEO as Director,"'I am delighted to welcome Jeff to Noble's Board of Directors', Noble Chairman Charles M. Sledge said.",https://finnhub.io/api/news?id=84c768a4b2eb177d7299147bdf8acc61a2f1f5ac2954b53d68c47b698335aeaa,2026-05-27T20:30:24,,,Finnhub,"This article was first published on Rigzone here

Noble Corporation plc announced, in a statement posted on its site, that its board of directors has appointed Jeff Miller, the Chairman of the Board of Directors, President, and Chief Executive Officer of Halliburton, to serve as a director of Noble.

“I am delighted to welcome Jeff to Noble’s Board of Directors,” Noble Chairman Charles M. Sledge said in the statement, on behalf of Noble’s board of directors.

“With deep industry expertise and a proven stren",0.425,True,
"HKEX Says, Trading In Continental Aerospace Technologies (232) Halted - TradingView","# HKEX Says, Trading In Continental Aerospace Technologies (232) Halted — TradingView News. *   /HKEX Says, Trading In Continental Aerospace Technologies (232) Halted. Dow Jones Newswires Sign in to read exclusive news. * Image 8 * Image 9 Reuters Refinitiv Vietnam dong, gold rates - May 28. * Image 12 Dow Jones Newswires Sign in to read exclusive news. * Image 16 * Image 17 * Image 18 CNBC TV18 Sign in to read exclusive news. * Image 20 * Image 21 * Image 22 Dec 22, 2025 Reuters Mergers and acquisitionsDec 22, 2025 Reuters KALENDER-Termine Politik/Vermischtes bis 28. Dezember* Image 23 Dec 22, 2025 Reuters Australia's FlexiRoam surge on Generali dealDec 22, 2025 Reuters Malaysia's ex-PM Najib to face two key court rulings in 1MDB sagaDec 21, 2025 Reuters Austrian painter Arnulf Rainer dies at 96. Select reference data provided by FactSet. Copyright © 2026 FactSet Research Systems Inc.Copyright © 2026, American Bankers Association.","https://www.tradingview.com/news/reuters.com,2026:newsml_FWN42416N:0-hkex-says-trading-in-continental-aerospace-technologies-232-halted/",,,,Tavily,"# HKEX Says, Trading In Continental Aerospace Technologies (232) Halted — TradingView News. *   /HKEX Says, Trading In Continental Aerospace Technologies (232) Halted. Dow Jones Newswires Sign in to read exclusive news. * Image 8 * Image 9 Reuters Refinitiv Vietnam dong, gold rates - May 28. * Image 12 Dow Jones Newswires Sign in to read exclusive news. * Image 16 * Image 17 * Image 18 CNBC TV18 Sign in to read exclusive news. * Image 20 * Image 21 * Image 22 Dec 22, 2025 Reuters Mergers and acquisitionsDec",0.425,,0.032344334
"Halliburton May Be Down, But It's Certainly Not Out","Halliburton is rated a Buy due to improved execution, international momentum, and a more resilient business mix. Read more on HAL stock here.",https://finnhub.io/api/news?id=bde96733c62d1621ab738a1bfb7fa4c3f5b733ed403464bae988d2a8ae5d6c7b,2026-05-29T21:56:13,,,Finnhub,"Best Stocks Now Premium gives you access to Bill Gunderson, professional money manager & analyst with 25 years of experience.

You get Bill's daily ""live"" buys and sells in his four portfolios: Emerging Growth, Ultra-Growth, Premier Growth, Dividend & Growth, and Best Bond Now. These portfolios have done very well since their 1/1/2019 inception.

JOIN NOW to get daily ""live"" buys and sells, weekly in-depth market-timing newsletter, access to Bill's proprietary database with daily rankings on almost 6,000 se",0.425,True,
Halliburton Co. stock underperforms Wednesday when compared to competitors,"Halliburton Co.'s stock (HAL) fell by 3.60% to $39.60 on Wednesday, despite an overall positive trading session for the broader market. This marks the fifth consecutive day of losses for Halliburton, which underperformed compared to competitors and major indices like the S&P 500 and Dow Jones Industrial Average.",https://www.marketwatch.com/data-news/halliburton-co-stock-underperforms-wednesday-when-compared-to-competitors-d4af8ba7-b0a17bc94456?mod=mw_quote_news,20260527T165500,-0.412226,Bearish,AlphaVantage,"Halliburton Co.'s stock (HAL) fell by 3.60% to $39.60 on Wednesday, despite an overall positive trading session for the broader market. This marks the fifth consecutive day of losses for Halliburton, which underperformed compared to competitors and major indices like the S&P 500 and Dow Jones Industrial Average.",0.425,,
"HAL out, Tata and L&T in: IAF pushes ahead with private firms to fulfil India’s AMCA fifth-generation jet dream","India's ambitious Advanced Medium Combat Aircraft (AMCA) program has advanced with the Defence Ministry inviting bids from private firms for its development.  Three consortia, including Tata Advanced Systems and Larsen & Toubro, are vying to build the stealth…",https://economictimes.indiatimes.com/news/defence/hal-out-tata-and-lt-in-iaf-pushes-ahead-with-private-firms-to-fulfil-indias-amca-fifth-generation-jet-dream/articleshow/131363938.cms,2026-05-28T05:55:31Z,,,NewsAPI,"India's ambitious Advanced Medium Combat Aircraft (AMCA) program has advanced with the Defence Ministry inviting bids from private firms for its development.  Three consortia, including Tata Advanced Systems and Larsen & Toubro, are vying to build the stealth…",0.425,,
"LIC, HAL, among 10 stocks that saw sharpest decrease in government shareholding in Q4. Check list - The Economic Times","LIC, HAL, among 10 stocks that saw sharpest decrease in government shareholding in Q4. Check list  The Economic Times",https://news.google.com/rss/articles/CBMilwJBVV95cUxQMlZMdVM0RWV6MkhMc0UyVTJseXFZTXBPbGF4b3lBRTFoc1l0WV9sRXdPTUh4Z3NIaGtTTUc4MzJGUXhGdEJsYXRrR3F3OVcyaDVkRno2cC1CeUg1RGtEalNHTVQ1SVlvZGsxT2d1T3RyX3J0ZGpQUFROV1RDQXNiM3dMWXczTVdLdU9sSEVSSUM4bHhLWUppdFNKb3A1QnBNNm83MVp4eTBaendUeEdjbTBXbzk2ZVEtb0VtOEM5dGM2dEdFVWdNRjNZZFR3WS1JVzdiNnBOQTYtSDRtNVBfTjFJY1lTY2xQbGNPUjJwZzRnTmVSalg3VFVMZU50UlNua2tEczNlRTNIcGxmd1pvY18tXzZQcEk?oc=5&hl=en-IN&gl=IN&ceid=IN:en,"Sat, 30 May 2026 04:56:23 GMT",,,GNews,"LIC, HAL, among 10 stocks that saw sharpest decrease in government shareholding in Q4. Check list  The Economic Times",0.425,,
Ravi K. takes over as HAL CMD from D. K. Sunil - The Hindu,Ravi K. takes over as HAL CMD from D. K. Sunil  The Hindu,https://news.google.com/rss/articles/CBMipwFBVV95cUxOamZwQlNac1VHR1VISjJBS2ZDN3R5MDM4YXRLanpnVUJaaWJ5NEFVZF8zMXFvdWhFbUpTajh3Q3d3NnZKS0hFWER1cUswV2p4bXhHU3AyR3dpemU2WTRrVG40R3hkbUJ4TnVWam9NQ0lOVGFsX1VGWEFzdHpNRTNOTURpLWtmRHFhREY5ejlBbUZXQjZFbE13U2ZQa1lTLTRnRXJ6dXZZSdIBrgFBVV95cUxOMlJYMG5UaWdBWFVka2xCOVE2NHBrX2h4N2lBM1ppTlZyLVpqQU9TVi1yUE5OX0wyekFXajVuUjM1Sm05X0p1WXNlRFczUjU2LWZyV2x6U1h5RURyREtXeTUxazhwNGItWE9fc3BJU01ud0J4TDdLX2JvbHRISm0tS0VzX1BtZlpvSmVtZWUya3hRand2Zkk1YUpqcGFkMUtCcVlGQ0llSXJQbmtlV0E?oc=5&hl=en-IN&gl=IN&ceid=IN:en,"Fri, 01 May 2026 07:00:00 GMT",,,GNews,Ravi K. takes over as HAL CMD from D. K. Sunil  The Hindu,0.425,,
Hosur emerges as aerospace hub with Rolls-Royce-HAL expansion - The New Indian Express,Hosur emerges as aerospace hub with Rolls-Royce-HAL expansion  The New Indian Express,https://news.google.com/rss/articles/CBMixAFBVV95cUxPdVF3M19abmdteGRjMlRUOHpwUlhjOEpVR1NoUENhaVYyWWFVZGV1d0hsd3JXa2pwZzZ5S2VnX3BrLTBCemZaYmRFTGc4RGlPZXFKQncyWGZOZzlaWGQ2aVc2cUxIdlVHc3dxaFdWdGdZSV9KNnU2aF94emo3d0s2NzhkcWZHUmk0b2xCUG1IYTRoemZhdHRRS0V6eTVLQk9HTzR4Qm9Oa0hkb2pIME5jNDk1a2JCRFNZRWM0MTBseThXT01Z0gHSAUFVX3lxTE1tNk5wVlFvQ3V3MjRNdHlVSWZZUmc5QTQ1enkyaksxbFRlSEJPdmlNZ3RBWlJMZjRMUWh3OFhzRDNjYVg0WEE2V095Zk5hTm5yUU5pYjVQV3d2Y1lkRlJWamFOYzdiQUt0QjdXUnNvMDBXcmdmZV9YZ09jWW9TallRSGNTOWI4LV91bnJtQ3EzYjZiUjN2TlU3QWR5dzR2YUZIZTNaYXFraFdjN1BudThyUXlGQ0VvRF9qaktKSVZHUWZFZW1CRTZzSHVHVXZDbzVFQQ?oc=5&hl=en-IN&gl=IN&ceid=IN:en,"Wed, 13 May 2026 07:00:00 GMT",,,GNews,Hosur emerges as aerospace hub with Rolls-Royce-HAL expansion  The New Indian Express,0.425,,
HAL eyes Rs 1 lakh crore fighter jet project at Puttaparthi - Manufacturing Today India,HAL eyes Rs 1 lakh crore fighter jet project at Puttaparthi  Manufacturing Today India,https://news.google.com/rss/articles/CBMioAFBVV95cUxOX0FpNTlZMVdaWDhJNXRiZzV5M2l5eWJIVlROcF9EMXdfc0M3MlJUM3dtblhoS0xVYk5MbjItclZBMlI3cGc4TVVrSi1IYkVhZmxmVXpUaHc3cmhyMVlDY0dpTkZTYnZNRFpQT0dfSWZCbEY4NjZxOXhRZC0wX1FubEZ4UzExdU5aZGR0QnRjRE8ydjhDVFpJWnlfMy1xNk1s?oc=5&hl=en-IN&gl=IN&ceid=IN:en,"Mon, 04 May 2026 07:00:00 GMT",,,GNews,HAL eyes Rs 1 lakh crore fighter jet project at Puttaparthi  Manufacturing Today India,0.425,,
Halliburton ESOP Shelf Filing Raises Questions On Valuation And Dilution,"Halliburton (NYSE: HAL) has filed a multibillion-dollar shelf registration. The filing covers nearly 50 million common shares tied to a transaction related to an employee stock ownership plan (ESOP). This filing sets up the company to potentially issue or sell shares over time, subject to market conditions and corporate decisions. Halliburton is a large oilfield services company that provides equipment and services supporting global oil and gas production. For investors, the size of this...",https://finance.yahoo.com/markets/stocks/articles/halliburton-esop-shelf-filing-raises-070854747.html?.tsrc=rss,"Sun, 24 May 2026 07:08:54 +0000",,,Yahoo RSS,"Halliburton (NYSE: HAL) has filed a multibillion-dollar shelf registration. The filing covers nearly 50 million common shares tied to a transaction related to an employee stock ownership plan (ESOP). This filing sets up the company to potentially issue or sell shares over time, subject to market conditions and corporate decisions. Halliburton is a large oilfield services company that provides equipment and services supporting global oil and gas production. For investors, the size of this...",0.425,,
"Halliburton May Be Down, But It’s Certainly Not Out (NYSE:HAL)","Halliburton is rated a Buy due to improved execution, international momentum, and a more resilient business mix. Read more on HAL stock here.",https://seekingalpha.com/article/4910153-halliburton-may-be-down-but-its-certainly-not-out,2026-05-29T20:26:13.000000Z,,,Marketaux,"Best Stocks Now Premium gives you access to Bill Gunderson, professional money manager & analyst with 25 years of experience.

You get Bill's daily ""live"" buys and sells in his four portfolios: Emerging Growth, Ultra-Growth, Premier Growth, Dividend & Growth, and Best Bond Now. These portfolios have done very well since their 1/1/2019 inception.

JOIN NOW to get daily ""live"" buys and sells, weekly in-depth market-timing newsletter, access to Bill's proprietary database with daily rankings on almost 6,000 se",0.425,True,
Halliburton Announces Dividend,"HOUSTON, May 21, 2026--Halliburton Company (NYSE: HAL) announced today that its board of directors has declared a 2026 second quarter dividend of seventeen cents ($0.17) a share on the Company’s common stock payable on June 24, 2026, to shareholders of record at the close of business on June 3, 2026.",https://finance.yahoo.com/sectors/energy/articles/halliburton-announces-dividend-214500536.html?.tsrc=rss,"Thu, 21 May 2026 21:45:00 +0000",,,Yahoo RSS,"HOUSTON, May 21, 2026--Halliburton Company (NYSE: HAL) announced today that its board of directors has declared a 2026 second quarter dividend of seventeen cents ($0.17) a share on the Company’s common stock payable on June 24, 2026, to shareholders of record at the close of business on June 3, 2026.",0.425,,
Halliburton announces the Xaminer logging service to optimize reservoirs,"Halliburton has launched its new Xaminer logging service, designed to optimize reservoir management, especially in geologically complex formations. This tool integrates high-resolution pressure measurements and multizone analysis, allowing operators to acquire critical data on well productivity and asset delineation early in the well life cycle. The service aims to reduce technical uncertainty and improve development and completion plans by providing greater subsurface clarity through an expanded radius of investigation and enabling real-time decision-making.",https://inspenet.com/en/news/halliburton-launches-the-xaminer-logging-service-to-optimize-complex-reservoirs/,20260528T083739,0.426629,Bullish,AlphaVantage,"Halliburton has launched its new Xaminer logging service, designed to optimize reservoir management, especially in geologically complex formations. This tool integrates high-resolution pressure measurements and multizone analysis, allowing operators to acquire critical data on well productivity and asset delineation early in the well life cycle. The service aims to reduce technical uncertainty and improve development and completion plans by providing greater subsurface clarity through an expanded radius of ",0.425,,
Fisher Asset Management LLC Decreases Holdings in Halliburton Company $HAL,"Fisher Asset Management LLC significantly reduced its stake in Halliburton Company (NYSE:HAL) by 12.3% in the fourth quarter, selling 53,364 shares and holding 379,513 shares valued at $10.7 million. Despite this reduction and recent stock pressure due to softer crude prices, analyst sentiment remains largely positive with a ""Moderate Buy"" rating and an average price target of $42.86. The article also details other institutional investor activities, recent analyst reports, and insider transactions for Halliburton.",https://www.marketbeat.com/instant-alerts/filing-fisher-asset-management-llc-decreases-holdings-in-halliburton-company-hal-2026-05-28/,20260528T075554,-0.053978,Neutral,AlphaVantage,"Fisher Asset Management LLC significantly reduced its stake in Halliburton Company (NYSE:HAL) by 12.3% in the fourth quarter, selling 53,364 shares and holding 379,513 shares valued at $10.7 million. Despite this reduction and recent stock pressure due to softer crude prices, analyst sentiment remains largely positive with a ""Moderate Buy"" rating and an average price target of $42.86. The article also details other institutional investor activities, recent analyst reports, and insider transactions for Halli",0.425,,
Why Halliburton (HAL) Stock Is Falling Today,"Shares of Halliburton (HAL) fell 3.8% after WTI crude oil prices dropped significantly due to progress on an Iran-US peace deal and renewed hopes for the reopening of the Strait of Hormuz. Oilfield services companies like Halliburton are directly impacted by falling oil prices as producers reduce capital expenditure budgets, leading to cuts in drilling and related services. This market reaction, while significant, is considered by analysts to be a short-term response to the news rather than a fundamental change in the company's long-term business perception.",https://stockstory.org/us/stocks/nyse/hal/news/why-up-down/why-halliburton-hal-stock-is-falling-today,20260527T195939,0.014916,Neutral,AlphaVantage,"Shares of Halliburton (HAL) fell 3.8% after WTI crude oil prices dropped significantly due to progress on an Iran-US peace deal and renewed hopes for the reopening of the Strait of Hormuz. Oilfield services companies like Halliburton are directly impacted by falling oil prices as producers reduce capital expenditure budgets, leading to cuts in drilling and related services. This market reaction, while significant, is considered by analysts to be a short-term response to the news rather than a fundamental ch",0.425,,
Halliburton in sync with peers' monthly downtrend: Why is HAL price dropping?,"The article states that Halliburton (HAL) is experiencing a monthly downtrend in its stock price, aligning with its peers. It attributes this decline to analysts revising their opinions on the stock downward.",https://www.msn.com/en-us/money/topstocks/halliburton-in-sync-with-peers-monthly-downtrend-why-is-hal-price-dropping/ar-AA24nLpf?ocid=finance-verthp-feeds,20260529T195142,-0.411756,Bearish,AlphaVantage,"The article states that Halliburton (HAL) is experiencing a monthly downtrend in its stock price, aligning with its peers. It attributes this decline to analysts revising their opinions on the stock downward.",0.425,,
Ravi K. appointed as HAL CEO - AeroMorning.com,Ravi K. appointed as HAL CEO  AeroMorning.com,https://news.google.com/rss/articles/CBMiaEFVX3lxTE12Z3B2THRoRENXUUpJZm82WXJtc2prYXphaWM2cmJWcThDRUVNUUU4RWVwZkFQWDByYlNzR1AzNHF5MWpKa2Q4eVlYU0tXN00wXzJwa1BvdzVuejlMUzNBMGVHekdlb25Q?oc=5&hl=en-IN&gl=IN&ceid=IN:en,"Tue, 05 May 2026 08:30:27 GMT",,,GNews,Ravi K. appointed as HAL CEO  AeroMorning.com,0.425,,
HAL’s new CMD takes charge - The Times of India,HAL’s new CMD takes charge  The Times of India,https://news.google.com/rss/articles/CBMipAFBVV95cUxPNkJaWG9qdm1ocXEzNE4xdmtWVU5OYm56ZGc0TWJGbEhlSkhMeldldmUwWG9PbzlxaTFOdHNleEZtOThTRW9OcndEWlFwZGtWa0ZkektRVlY2MllYS1g5U1N6UGhFeFczOTFHNmZxWjNIRHgwcWttSDdER3RGSGFHS3ZSZHk4ck1ObVI1SHBQWDI5WnZndmVuLW03RE93N202TWpoV9IBqgFBVV95cUxOb0x4Rmtrd3ViQ25Wa0tIRUEzRkhkOWNjdFRoZ3I5Qm9PamgtOXVIbkVlS2hxR3dOLTlXVkgxay1xXzRyeFpwbGNEaEFNLV8yeGlwWFVUNkJZcFhJVUxQUEhYQUlrX2V2ejJSZk4xcWZGdHhnc2dNOTBRM1hJZmdGUk9GWHp4enBTZVpldlppUWI2T1M3N3lWM1FDVjJQZU5QR2VrVnlrRW8wQQ?oc=5&hl=en-IN&gl=IN&ceid=IN:en,"Fri, 01 May 2026 07:00:00 GMT",,,GNews,HAL’s new CMD takes charge  The Times of India,0.425,,
HAL Chairman & Managing Director D K Sunil steps down - The Economic Times,HAL Chairman & Managing Director D K Sunil steps down  The Economic Times,https://news.google.com/rss/articles/CBMi3AFBVV95cUxQb3E3SUJHUDR3YW9PYTJTUVpMLUdWMF9DM2tIQ0ZsRlA0Y0t0NnBOSUZRYUxYSnNWaExzUlNZZENqa0Q4cm9NNEhDZ0lDa2t0SlBKVFdtZHhnLUlCbHdycTN3ZWQ0OERoTTVhUWE4UktGSGdHNkd6cmEtTFZObzgyRzlBbXlNaHhxM3dsVDJ1ODVCc2c3OVZFOFhhX0RWR0EyVG5aNEt2WU1NYzAtQXlWWUFlQjdBb3FldWhNdnpOSHI3bzBrcldMZGY3ZUxpbXRUVTM0UnNRUDVvVHJw0gHiAUFVX3lxTE14N1JUelFpU1BITmZvaHJPeV9SbTc0VU1VdFpjY3B0WEhZaWVrc0FXLTRYbmhmdkJNSVBuSk9Vd1p3b1FRbGxDNEg3Y2ZJWXlhNUJ3VTRXUjc4V2szeUFuWEdtNzVSallQVTJMNjFrcHNmY1lYRVctTV9JdTJxeDVhZVRHWlZ2NGdiZ1JOTDdVcTZ2M3RDV3F6VzVpZFl3aU1IQVBaNHZ1MnhhVG1yME5lMTZmZFdkNVN4dlBSWHM1eTRJNS00UEpJeWNqV0dlaUVtU2l4TWM0RUhQbTF0RzlSOEE?oc=5&hl=en-IN&gl=IN&ceid=IN:en,"Fri, 01 May 2026 07:00:00 GMT",,,GNews,HAL Chairman & Managing Director D K Sunil steps down  The Economic Times,0.425,,
Hindustan Aeronautics Ltd is Rated Hold - Markets Mojo,Hindustan Aeronautics Ltd is Rated Hold  Markets Mojo,https://news.google.com/rss/articles/CBMiowFBVV95cUxOQVVhcm9RbDdmaUExQi16TEFWbU5tazFiUWlKUkk3aG54S2RjRDNDWWVTNHZJNm1iSFBCelo5N0pBMUc5ekVHTEhrQldTNXFTV2QwUEZ6TWJrVW5ZSWZSdldVWFVNbklDVTV4ZmJWNm85VXBZUGhkb3AzckotSTdURjdpWEJRMkZ3QmVudTZaRGpFYTFYaEJlUWtEQkV4YUY0SU0w?oc=5&hl=en-IN&gl=IN&ceid=IN:en,"Mon, 25 May 2026 14:03:42 GMT",,,GNews,Hindustan Aeronautics Ltd is Rated Hold  Markets Mojo,0.25,,
India's Hindustan Aeronautics posts quarterly profit rise as 'other income' surges - Reuters,India's Hindustan Aeronautics posts quarterly profit rise as 'other income' surges  Reuters,https://news.google.com/rss/articles/CBMiwgFBVV95cUxNMHE3bEYwNzg4d2N5aHhKSm1MUTJwNVRJTDlqNlcxTGVON2htdFFlRGVsQWU2clE0QzJDV1Y1cERmSTZpSy1tWjhQdHJFX3BIUzBZYjdOSUNucEhwcGg3VFhIWGhwQ1ZXWm1ZeUM5V2JMNWNNQUxTYWhyVEpxVXpzVzRFOE81UTlSQTNmY20zSG9WQ1MtbUtIbll0OC1zcG1PNU5MOEtxZXdER05fTW5CYUY2QllkaDZ3S0RmazB5bU5uUQ?oc=5&hl=en-IN&gl=IN&ceid=IN:en,"Thu, 14 May 2026 07:00:00 GMT",,,GNews,India's Hindustan Aeronautics posts quarterly profit rise as 'other income' surges  Reuters,0.25,,
"Hindustan Zinc Contributes ₹18,846 Crore to Exchequer in FY26 - Machine Maker","# Hindustan Zinc Contributes ₹18,846 Crore to Exchequer in FY26. Hindustan Zinc Limited, India’s only and the world’s largest integrated zinc producer, contributed ₹18,846 crore to the national exchequer in FY 2025–26, according to its 9th Tax Transparency Report. With this, the company’s cumulative contribution to the exchequer over the past five years has reached ₹91,572 crore, reinforcing its position as one of the key contributors to India’s mineral and industrial revenue base. The contribution accounted for 46% of the company’s total revenue during FY26. The FY26 contribution includes ₹6,637 crore in indirect taxes, ₹5,073 crore in royalties (including contributions to District Mineral Foundation and National Mineral Exploration Trust), ₹4,552 crore in taxes on income, ₹1,180 crore in dividend payments to the Government of India, ₹755 crore in withholding taxes, and ₹593 crore in other taxes borne, along with ₹56 crore in additional indirect contributions. Hindustan Zinc has also been ranked the world’s most sustainable metals and mining company by S&P Global Corporate Sustainability Assessment 2025 for the third consecutive year.",https://themachinemaker.com/news/hindustan-zinc-contributes-%E2%82%B918846-crore-to-exchequer-in-fy26/,,,,Tavily,"# Hindustan Zinc Contributes ₹18,846 Crore to Exchequer in FY26. Hindustan Zinc Limited, India’s only and the world’s largest integrated zinc producer, contributed ₹18,846 crore to the national exchequer in FY 2025–26, according to its 9th Tax Transparency Report. With this, the company’s cumulative contribution to the exchequer over the past five years has reached ₹91,572 crore, reinforcing its position as one of the key contributors to India’s mineral and industrial revenue base. The contribution accounte",0.25,,0.0018748618
Air India A319 may have passed within 100ft of Indian navy Dhruv helicopter - FlightGlobal,"***Incident transcript suggests Air India A319 had to descend sharply to avoid Indian navy helicopter.***. An Air India Airbus A319 departing Port Blair in 2024 had an airprox incident with an Indian Navy Hindustan Aeronautics ALH Dhruv Mk III helicopter. The incident occurred about 08:00 local time on 2 February 2024 after the aircraft (VT-SCV) took off from runway 22 in clear conditions to operate service AIC788 to Kolkata, according to a final report by India’s Aircraft Accident Investigation Bureau. Prior to the A319 taking off with instructions to climb to 4,000ft, navy controllers – who manage air traffic control at Port Blair – had cleared the helicopter, which was conducting a training flight, for the outbound leg of an ILS practice approach to runway 04. According to the report’s text, the A319 crew did not receive a TCAS notification but spotted the helicopter visually and descended to avoid it.",https://www.flightglobal.com/defence/2026/05/air-india-a319-may-have-passed-within-100ft-of-indian-navy-dhruv-helicopter/,,,,Tavily,"***Incident transcript suggests Air India A319 had to descend sharply to avoid Indian navy helicopter.***. An Air India Airbus A319 departing Port Blair in 2024 had an airprox incident with an Indian Navy Hindustan Aeronautics ALH Dhruv Mk III helicopter. The incident occurred about 08:00 local time on 2 February 2024 after the aircraft (VT-SCV) took off from runway 22 in clear conditions to operate service AIC788 to Kolkata, according to a final report by India’s Aircraft Accident Investigation Bureau. Pri",0.25,,0.02350945
Hindustan Aeronautics Ltd Sees High-Value Trading Amid Sector Weakness - Markets Mojo,Hindustan Aeronautics Ltd Sees High-Value Trading Amid Sector Weakness  Markets Mojo,https://news.google.com/rss/articles/CBMixwFBVV95cUxPS1lCakhuLThjUUNPUzJ3UnFtM19aOXFKTHdGU1o2bVFZcFFwZHBERjItejFGR2tSblREbmJWaWVDeGdwbFd6RDJ2M3FHYzh3ekRqNnpSQ2p0VHVsWllTcUpfdWJJd0dwNTNvTlJlN2lZVnNwalg3Q2dOOGpybTIwTlg2dVBWVC1mZmpiYjAxT2tEVlJkZ1VxamxkUER4aEhhU1JkN0dZd2Z2RXRjdUlSRFZsZFZFS2ZaWnp0WEFyZ3AzR1g5LTVr?oc=5&hl=en-IN&gl=IN&ceid=IN:en,"Wed, 27 May 2026 21:09:09 GMT",,,GNews,Hindustan Aeronautics Ltd Sees High-Value Trading Amid Sector Weakness  Markets Mojo,0.25,,
Aerospace and Defence Stock Where Anand Rathi Sees 43% Upside Potential - Trade Brains,"This small-cap Defence Stock, engaged in precision engineering, manufacturing aerospace components, tooling solutions, and advanced assemblies for defence, semiconductor, and industrial sectors, is in focus after Anand Rathi assigned a Buy target of Rs. 1,435, which has an upside potential of 43.04 percent. With a market capitalization of Rs. 5,101.96 crore, the shares of **Unimech Aerospace and Manufacturing Limited** closed on Thursday at Rs. 1003.20 per equity share, down nearly 5 percent from its previous day’s close price of Rs. 1,055.95. Anand Rathi a prominent brokerage firm, has recommended a “Buy” call on Unimech Aerospace and Manufacturing Limited with a target price of Rs. 1,435 per share, indicating an upside potential of 43.04 percent from its previous day’s close price of Rs. 1003.20 per share. Anand Rathi holds a positive outlook on Unimech Aerospace and Manufacturing Ltd. The company’s acquisition of Hobel Bellows for Rs. 4.5 billion strengthens its capabilities in advanced engineering.",https://tradebrains.in/aerospace-and-defence-stock-where-anand-rathi-sees-43-upside-potential/,,,,Tavily,"This small-cap Defence Stock, engaged in precision engineering, manufacturing aerospace components, tooling solutions, and advanced assemblies for defence, semiconductor, and industrial sectors, is in focus after Anand Rathi assigned a Buy target of Rs. 1,435, which has an upside potential of 43.04 percent. With a market capitalization of Rs. 5,101.96 crore, the shares of **Unimech Aerospace and Manufacturing Limited** closed on Thursday at Rs. 1003.20 per equity share, down nearly 5 percent from its previo",0.125,,0.09401018
Hindustan Foods Q4 FY26: Contract Manufacturing Giant Posts Robust 31.70% Profit Growth Amid Margin Pressures - Markets Mojo,"Hindustan Foods Ltd., a prominent contract manufacturer of FMCG products spanning home care, personal care, and food & beverages, delivered a solid performance in Q4 FY26 with consolidated net profit surging 31.70% year-on-year to ₹41.55 crores, marking the company's strongest quarterly profit on record. The ₹6,273 crore market cap company saw its stock trading at ₹527.00 on May 22, 2026, down 0.45% from the previous close, as investors digested the results that showcased robust top-line expansion tempered by elevated interest costs and working capital pressures. The March 2026 quarter marked a continuation of Hindustan Foods' impressive growth trajectory, with net sales reaching an all-time high of ₹1,116.75 crores, representing a sequential increase of 6.99% from December 2025 and a robust 16.47% year-on-year expansion. Operating profit before depreciation, interest, tax, and other income (PBDIT excluding OI) climbed to ₹99.97 crores in Q4 FY26, the highest quarterly figure in the company's history, translating to an operating margin of 8.95%.",https://www.marketsmojo.com/news/result-analysis/hindustan-foods-q4-fy26-contract-manufacturing-giant-posts-robust-3170-profit-growth-amid-margin-pressures-4005136,,,,Tavily,"Hindustan Foods Ltd., a prominent contract manufacturer of FMCG products spanning home care, personal care, and food & beverages, delivered a solid performance in Q4 FY26 with consolidated net profit surging 31.70% year-on-year to ₹41.55 crores, marking the company's strongest quarterly profit on record. The ₹6,273 crore market cap company saw its stock trading at ₹527.00 on May 22, 2026, down 0.45% from the previous close, as investors digested the results that showcased robust top-line expansion tempered ",0.125,,0.04401865
Hindustan Zinc Joins Dow Jones ESG Index - Construction World,"The inclusion marks the company’s first entry into the global ESG benchmark index.Formerly known as the Dow Jones Sustainability Index, the benchmark tracks companies demonstrating strong environmental, social and governance (ESG) performance across global markets. Hindustan Zinc is among only 25 Indian companies included in the emerging markets index and one of only two companies from India’s metals and mining sector.The company was earlier ranked as the world’s most sustainable metals and mining company in the S&P Global Corporate Sustainability Assessment 2025. It also became the first Indian mining company to join the International Council on Mining and Metals (ICMM).Arun Misra, CEO, Hindustan Zinc, said the recognition reflects the company’s focus on responsible resource production, transparency and sustainable growth.Hindustan Zinc also highlighted initiatives including EcoZen, its low-carbon zinc product manufactured using renewable energy, and its roadmap to achieve net-zero emissions by 2050 or earlier. Hindustan Zinc is among only 25 Indian companies included in the emerging markets index and one of only two companies from India’s metals and mining sector.",https://www.constructionworld.in/resources-company-news/hindustan-zinc-joins-dow-jones-esg-index/91247,,,,Tavily,"The inclusion marks the company’s first entry into the global ESG benchmark index.Formerly known as the Dow Jones Sustainability Index, the benchmark tracks companies demonstrating strong environmental, social and governance (ESG) performance across global markets. Hindustan Zinc is among only 25 Indian companies included in the emerging markets index and one of only two companies from India’s metals and mining sector.The company was earlier ranked as the world’s most sustainable metals and mining company i",0.125,,0.0029579028
India shares higher at close of trade; Nifty 50 up 0.51% - Investing.com UK,"# India shares higher at close of trade; Nifty 50 up 0.51% By Investing.com. # India shares higher at close of trade; Nifty 50 up 0.51%. Image 1: India shares higher at close of trade; Nifty 50 up 0.51%. At the close in NSE, the Nifty 50 gained 0.51%, while the BSE Sensex 30 index climbed 0.46%. The biggest gainers of the session on the Nifty 50 were Adani Ports and Special Economic Zone Ltd (NSE:APSE), which rose 5.40% or 89.50 points to trade at 1,746.80 at the close. (NSE:EICH) added 3.11% or 221.00 points to end at 7,330.00 and Jio Financial Services Ltd (NSE:JIOF) was up 2.86% or 7.04 points to 253.41 in late trade. The top performers on the BSE Sensex 30 were Adani Port and Special Economic Zone Ltd (BO:APSE) which rose 5.49% to 1,746.00, Hindustan Unilever Ltd. The worst performers were Bharti Airtel Ltd (BO:BRTI) which was down 3.06% to 1,828.30 in late trade, Kotak Mahindra Bank Ltd.",https://m.uk.investing.com/news/stock-market-news/india-shares-higher-at-close-of-trade-nifty-50-up-051-4646625?ampMode=1,,,,Tavily,"# India shares higher at close of trade; Nifty 50 up 0.51% By Investing.com. # India shares higher at close of trade; Nifty 50 up 0.51%. Image 1: India shares higher at close of trade; Nifty 50 up 0.51%. At the close in NSE, the Nifty 50 gained 0.51%, while the BSE Sensex 30 index climbed 0.46%. The biggest gainers of the session on the Nifty 50 were Adani Ports and Special Economic Zone Ltd (NSE:APSE), which rose 5.40% or 89.50 points to trade at 1,746.80 at the close. (NSE:EICH) added 3.11% or 221.00 poin",0.125,,0.005001672
"Helix Energy Solutions and TechnipFMC Shares Plummet, What You Need To Know","A number of stocks fell in the morning session after WTI crude oil plunged on Iran-US peace deal progress and renewed hopes for reopening the Strait of Hormuz. Oilfield services companies (Schlumberger (SLB), Halliburton (HAL), Baker Hughes (BKR), TechnipFMC, and the offshore drillers) get paid only when oil producers spend money drilling new wells.",https://finnhub.io/api/news?id=43478b3818cd986c743d080c96e2f5800591831ac013829c8557ad5f4c4f9392,2026-05-28T03:15:24,,,Finnhub,"A number of stocks fell in the morning session after WTI crude oil plunged on Iran-US peace deal progress and renewed hopes for reopening the Strait of Hormuz. Oilfield services companies (Schlumberger (SLB), Halliburton (HAL), Baker Hughes (BKR), TechnipFMC, and the offshore drillers) get paid only when oil producers spend money drilling new wells.",0.125,,
Apache vs Prachand: Why India operates both attack helicopters and how they differ,"India is acquiring support for Boeing AH-64E Apache attack helicopters. This acquisition renews discussions on India's use of foreign and indigenous platforms. The LCH Prachand, developed by HAL, is designed for high-altitude operations. The Apache is suited …",https://economictimes.indiatimes.com/news/defence/apache-vs-prachand-why-india-operates-both-attack-helicopters-and-how-they-differ/articleshow/131292786.cms,2026-05-24T12:55:57Z,,,NewsAPI,"India is acquiring support for Boeing AH-64E Apache attack helicopters. This acquisition renews discussions on India's use of foreign and indigenous platforms. The LCH Prachand, developed by HAL, is designed for high-altitude operations. The Apache is suited …",0.125,,
"Stealth, skies and sovereignty: India's fighter jet plan takes off","The Defence Ministry has issued tenders for India’s indigenous fifth-generation Advanced Medium Combat Aircraft (AMCA) programme to three private sector-led groups — Tata Advanced Systems, the Larsen & Toubro-Bharat Electronics Limited alliance, and the Bhara…",https://economictimes.indiatimes.com/news/defence/stealth-skies-and-sovereignty-indias-fighter-jet-plan-takes-off-tata-larsen-and-toubro-bharat-electronics-bharat-forge/articleshow/131354395.cms,2026-05-27T15:50:51Z,,,NewsAPI,"The Defence Ministry has issued tenders for India’s indigenous fifth-generation Advanced Medium Combat Aircraft (AMCA) programme to three private sector-led groups — Tata Advanced Systems, the Larsen & Toubro-Bharat Electronics Limited alliance, and the Bhara…",0.125,,
Smart Sand Inc stock (US8324321045): steady trading as sector focus shifts to US frac sand demand,"Smart Sand Inc. (SND) stock traded steadily on Nasdaq, reflecting stable US oil and gas activity and consistent demand for frac sand. The Texas-based company specializes in providing proppant and logistics for US shale basins, positioning itself as an integrated mine-to-wellsite supplier. Its performance is closely tied to domestic drilling, well completion intensity, and oil prices within the energy services industry.",https://www.ad-hoc-news.de/boerse/news/ueberblick/smart-sand-inc-stock-us8324321045-steady-trading-as-sector-focus-shifts/69434934,20260528T184230,0.052871,Neutral,AlphaVantage,"Smart Sand Inc. (SND) stock traded steadily on Nasdaq, reflecting stable US oil and gas activity and consistent demand for frac sand. The Texas-based company specializes in providing proppant and logistics for US shale basins, positioning itself as an integrated mine-to-wellsite supplier. Its performance is closely tied to domestic drilling, well completion intensity, and oil prices within the energy services industry.",0.125,,
